nan_loss_mean,nan_loss_std,nan_loss_skew,nan_loss_median,nan_loss_var,nan_loss_sem,nan_loss_max,nan_loss_min,test_not_well_mean,test_not_well_std,test_not_well_skew,test_not_well_median,test_not_well_var,test_not_well_sem,test_not_well_max,test_not_well_min,test_turn_bad_mean,test_turn_bad_std,test_turn_bad_skew,test_turn_bad_median,test_turn_bad_var,test_turn_bad_sem,test_turn_bad_max,test_turn_bad_min,sc_accuracy_mean,sc_accuracy_std,sc_accuracy_skew,sc_accuracy_median,sc_accuracy_var,sc_accuracy_sem,sc_accuracy_max,sc_accuracy_min,died_relu_mean,died_relu_std,died_relu_skew,died_relu_median,died_relu_var,died_relu_sem,died_relu_max,died_relu_min,vanish_gradient_mean,vanish_gradient_std,vanish_gradient_skew,vanish_gradient_median,vanish_gradient_var,vanish_gradient_sem,vanish_gradient_max,vanish_gradient_min,explode_gradient_mean,explode_gradient_std,explode_gradient_skew,explode_gradient_median,explode_gradient_var,explode_gradient_sem,explode_gradient_max,explode_gradient_min,nan_gradient_mean,nan_gradient_std,nan_gradient_skew,nan_gradient_median,nan_gradient_var,nan_gradient_sem,nan_gradient_max,nan_gradient_min,large_weight_mean,large_weight_std,large_weight_skew,large_weight_median,large_weight_var,large_weight_sem,large_weight_max,large_weight_min,nan_weight_mean,nan_weight_std,nan_weight_skew,nan_weight_median,nan_weight_var,nan_weight_sem,nan_weight_max,nan_weight_min,weight_change_little_mean,weight_change_little_std,weight_change_little_skew,weight_change_little_median,weight_change_little_var,weight_change_little_sem,weight_change_little_max,weight_change_little_min,decrease_acc_mean,decrease_acc_std,decrease_acc_skew,decrease_acc_median,decrease_acc_var,decrease_acc_sem,decrease_acc_max,decrease_acc_min,increase_loss_mean,increase_loss_std,increase_loss_skew,increase_loss_median,increase_loss_var,increase_loss_sem,increase_loss_max,increase_loss_min,cons_mean_weight_mean,cons_mean_weight_std,cons_mean_weight_skew,cons_mean_weight_median,cons_mean_weight_var,cons_mean_weight_sem,cons_mean_weight_max,cons_mean_weight_min,cons_std_weight_mean,cons_std_weight_std,cons_std_weight_skew,cons_std_weight_median,cons_std_weight_var,cons_std_weight_sem,cons_std_weight_max,cons_std_weight_min,nan_acc_mean,nan_acc_std,nan_acc_skew,nan_acc_median,nan_acc_var,nan_acc_sem,nan_acc_max,nan_acc_min,loss_mean,loss_std,loss_skew,loss_median,loss_var,loss_sem,loss_max,loss_min,acc_mean,acc_std,acc_skew,acc_median,acc_var,acc_sem,acc_max,acc_min,val_loss_mean,val_loss_std,val_loss_skew,val_loss_median,val_loss_var,val_loss_sem,val_loss_max,val_loss_min,val_acc_mean,val_acc_std,val_acc_skew,val_acc_median,val_acc_var,val_acc_sem,val_acc_max,val_acc_min
0.0,0.0,0.0,0.0,0.0,0.0,0.0,0.0,0.0,0.0,0.0,0.0,0.0,0.0,0.0,0.0,0.0,0.0,0.0,0.0,0.0,0.0,0.0,0.0,0.0,0.0,0.0,0.0,0.0,0.0,0.0,0.0,0.0,0.0,0.0,0.0,0.0,0.0,0.0,0.0,0.0,0.0,0.0,0.0,0.0,0.0,0.0,0.0,0.0,0.0,0.0,0.0,0.0,0.0,0.0,0.0,0.0,0.0,0.0,0.0,0.0,0.0,0.0,0.0,0.0,0.0,0.0,0.0,0.0,0.0,0.0,0.0,0.0,0.0,0.0,0.0,0.0,0.0,0.0,0.0,0.0,0.0,0.0,0.0,0.0,0.0,0.0,0.0,0.0,0.0,0.0,0.0,0.0,0.0,0.0,0.0,30.988888888888887,17.789338079685773,-0.07803629798108859,32.5,316.4605493133583,1.8751608799524326,60.0,1.0,0.0,0.0,0.0,0.0,0.0,0.0,0.0,0.0,0.0,0.0,0.0,0.0,0.0,0.0,0.0,0.0,0.0,0.0,0.0,0.0,0.0,0.0,0.0,0.0,7.653057499834978,0.5347254768090494,0.3989570549631883,7.595166948954264,0.28593133554866523,0.05636501432120472,9.06353444519043,6.8578724024454765,0.2559042966111111,0.06041917322629862,-0.9900492827021649,0.274946665,0.00365047649334948,0.00636874005797892,0.32314667,0.10693333,7.642895078094482,0.5234923821181874,0.3426696072906305,7.587497323760985,0.2740442741357743,0.05518094217468909,8.905382562561035,6.858305975341798,0.2507057785160012,0.0588631737523796,-0.973951147426298,0.26848000288009644,0.003464873224202831,0.006204723312125324,0.3154399991035461,0.11135999858379364
0.0,0.0,0.0,0.0,0.0,0.0,0.0,0.0,0.0,0.0,0.0,0.0,0.0,0.0,0.0,0.0,0.0,0.0,0.0,0.0,0.0,0.0,0.0,0.0,0.0,0.0,0.0,0.0,0.0,0.0,0.0,0.0,0.0,0.0,0.0,0.0,0.0,0.0,0.0,0.0,0.0,0.0,0.0,0.0,0.0,0.0,0.0,0.0,0.0,0.0,0.0,0.0,0.0,0.0,0.0,0.0,0.0,0.0,0.0,0.0,0.0,0.0,0.0,0.0,25.5,14.577379737113251,0.0,25.5,212.5,2.0615528128088303,50.0,1.0,0.0,0.0,0.0,0.0,0.0,0.0,0.0,0.0,0.0,0.0,0.0,0.0,0.0,0.0,0.0,0.0,0.0,0.0,0.0,0.0,0.0,0.0,0.0,0.0,20.16,10.774800533216949,-0.13080207380900818,20.0,116.09632653061225,1.5237869045940264,36.0,1.0,0.0,0.0,0.0,0.0,0.0,0.0,0.0,0.0,0.0,0.0,0.0,0.0,0.0,0.0,0.0,0.0,0.0,0.0,0.0,0.0,0.0,0.0,0.0,0.0,1.9892514352160138,0.6284112586611977,4.5179800087750905,1.7844868669573466,0.3949007100121508,0.08887077247466128,5.634492610855102,1.6837982744344075,0.5420090663999999,0.04693073903306327,-2.949988292209533,0.55786665,0.002202494266189489,0.006637008763275047,0.5778133000000001,0.31445333,1.9637893597007752,0.4205334465970065,3.378577830759144,1.8161099226379396,0.17684837970675732,0.05947241036089882,4.071090270233154,1.703920686416626,0.5357712024450302,0.04174048653571202,-2.1327137165747145,0.5502400100231171,0.0017422682162379559,0.00590299621588555,0.5833600163459778,0.3693599998950958
0.0,0.0,0.0,0.0,0.0,0.0,0.0,0.0,0.0,0.0,0.0,0.0,0.0,0.0,0.0,0.0,0.0,0.0,0.0,0.0,0.0,0.0,0.0,0.0,0.0,0.0,0.0,0.0,0.0,0.0,0.0,0.0,0.0,0.0,0.0,0.0,0.0,0.0,0.0,0.0,0.0,0.0,0.0,0.0,0.0,0.0,0.0,0.0,0.0,0.0,0.0,0.0,0.0,0.0,0.0,0.0,0.0,0.0,0.0,0.0,0.0,0.0,0.0,0.0,0.0,0.0,0.0,0.0,0.0,0.0,0.0,0.0,0.0,0.0,0.0,0.0,0.0,0.0,0.0,0.0,0.0,0.0,0.0,0.0,0.0,0.0,0.0,0.0,0.0,0.0,0.0,0.0,0.0,0.0,0.0,0.0,21.26,11.148002475047871,-0.19118418997547174,21.5,124.27795918367347,1.576565629358153,39.0,1.0,0.0,0.0,0.0,0.0,0.0,0.0,0.0,0.0,0.0,0.0,0.0,0.0,0.0,0.0,0.0,0.0,0.0,0.0,0.0,0.0,0.0,0.0,0.0,0.0,7.061320581739299,0.7576116495100478,0.5160325946882337,6.929893606084188,0.5739754114733354,0.10714246697489613,8.841842161560061,6.026761340637207,0.3120789348,0.06890922482598719,-1.3100142040168639,0.331839995,0.004748481266118449,0.009745236032152785,0.38581333,0.11304000000000002,7.038578930773927,0.7340677480340249,0.46694228658422543,6.914023082351684,0.5388554587037446,0.10381285649703938,8.622241331176758,6.027818975524903,0.30650879979133605,0.06426617631285822,-1.3515676958171179,0.3251200020313263,0.00413014141787538,0.009088609814350463,0.3749600052833557,0.1114400029182434
0.0,0.0,0.0,0.0,0.0,0.0,0.0,0.0,0.0,0.0,0.0,0.0,0.0,0.0,0.0,0.0,0.0,0.0,0.0,0.0,0.0,0.0,0.0,0.0,0.0,0.0,0.0,0.0,0.0,0.0,0.0,0.0,0.0,0.0,0.0,0.0,0.0,0.0,0.0,0.0,0.0,0.0,0.0,0.0,0.0,0.0,0.0,0.0,0.0,0.0,0.0,0.0,0.0,0.0,0.0,0.0,0.0,0.0,0.0,0.0,0.0,0.0,0.0,0.0,0.0,0.0,0.0,0.0,0.0,0.0,0.0,0.0,0.0,0.0,0.0,0.0,0.0,0.0,0.0,0.0,0.0,0.0,0.0,0.0,0.0,0.0,0.0,0.0,0.0,0.0,0.0,0.0,0.0,0.0,0.0,0.0,21.233333333333334,9.556906574662962,-0.49589000111883574,23.5,91.33446327683616,1.2337913334976607,35.0,1.0,0.0,0.0,0.0,0.0,0.0,0.0,0.0,0.0,0.0,0.0,0.0,0.0,0.0,0.0,0.0,0.0,0.0,0.0,0.0,0.0,0.0,0.0,0.0,0.0,3.550431530986786,1.1987521609622895,1.8082861754354933,3.114952296994527,1.437006743411759,0.15475823852123666,8.027147447102864,2.4788219332377115,0.5073213323333333,0.06465817902682121,-2.132017590010102,0.5276399999999999,0.004180680115064462,0.008347335018899208,0.5661333000000001,0.22725333,3.541587903097788,1.1040769123695005,1.65768859332307,3.144016566734314,1.2189858284273698,0.14253571648463936,7.449494855804442,2.522546398162842,0.4909666662414869,0.054954621963999355,-1.4348598572192919,0.5092000067234039,0.0030200104752060803,0.007094611188789794,0.5555199980735779,0.29951998591423035
0.0,0.0,0.0,0.0,0.0,0.0,0.0,0.0,0.0,0.0,0.0,0.0,0.0,0.0,0.0,0.0,0.0,0.0,0.0,0.0,0.0,0.0,0.0,0.0,0.0,0.0,0.0,0.0,0.0,0.0,0.0,0.0,0.0,0.0,0.0,0.0,0.0,0.0,0.0,0.0,0.0,0.0,0.0,0.0,0.0,0.0,0.0,0.0,0.0,0.0,0.0,0.0,0.0,0.0,0.0,0.0,0.0,0.0,0.0,0.0,0.0,0.0,0.0,0.0,0.0,0.0,0.0,0.0,0.0,0.0,0.0,0.0,0.0,0.0,0.0,0.0,0.0,0.0,0.0,0.0,0.0,0.0,0.0,0.0,0.0,0.0,0.0,0.0,0.0,0.0,0.0,0.0,0.0,0.0,0.0,0.0,32.53333333333333,16.78428906896452,-0.19706256993730198,34.5,281.7123595505618,1.7692194121531608,59.0,1.0,0.0,0.0,0.0,0.0,0.0,0.0,0.0,0.0,0.0,0.0,0.0,0.0,0.0,0.0,0.0,0.0,0.0,0.0,0.0,0.0,0.0,0.0,0.0,0.0,4.501014442697312,1.1392242522082074,1.5580941980103031,4.110941934254964,1.2978318968193496,0.12008478008933472,8.469659422200522,3.3888996766916915,0.470926814,0.07348364721287107,-1.9339470959767955,0.49673333,0.0053998464077056945,0.007745856532298552,0.53877336,0.15130667,4.49825514831543,1.0894912892651432,1.5076543924341752,4.128640911026001,1.1869912693846238,0.11484246549970693,8.19414455230713,3.41937402923584,0.46018400175703894,0.06640482328513306,-1.6805001172391185,0.4832800030708313,0.00440960055552975,0.006999682973400176,0.5237600207328796,0.19568000733852384
0.0,0.0,0.0,0.0,0.0,0.0,0.0,0.0,0.0,0.0,0.0,0.0,0.0,0.0,0.0,0.0,0.0,0.0,0.0,0.0,0.0,0.0,0.0,0.0,0.0,0.0,0.0,0.0,0.0,0.0,0.0,0.0,0.0,0.0,0.0,0.0,0.0,0.0,0.0,0.0,0.0,0.0,0.0,0.0,0.0,0.0,0.0,0.0,0.0,0.0,0.0,0.0,0.0,0.0,0.0,0.0,0.0,0.0,0.0,0.0,0.0,0.0,0.0,0.0,0.0,0.0,0.0,0.0,0.0,0.0,0.0,0.0,0.0,0.0,0.0,0.0,0.0,0.0,0.0,0.0,0.0,0.0,0.0,0.0,0.0,0.0,0.0,0.0,0.0,0.0,0.0,0.0,0.0,0.0,0.0,0.0,21.67142857142857,10.44477739069631,-0.14971447427635926,21.5,109.09337474120082,1.2483896755489265,40.0,1.0,1.0,0.38069349381344053,0.0,1.0,0.14492753623188406,0.04550157551932901,2.0,0.0,0.0,0.0,0.0,0.0,0.0,0.0,0.0,0.0,0.0,0.0,0.0,0.0,0.0,0.0,0.0,0.0,2.0035137182146703,1.003120345861526,3.845357020968377,1.6594748376210533,1.0062504282813476,0.11989581359791078,7.4419410380045585,1.6329175408172607,0.5525344735714287,0.04727416482391223,-2.670340519247175,0.5682533350000001,0.0022348466597984207,0.005650343427992952,0.59368,0.31,1.98905235774231,0.865039860572458,3.821297459942064,1.693957640514374,0.7482939603792175,0.10339203895708367,6.64664158203125,1.64837151222229,0.5447028577327728,0.040560485636190254,-2.1139183396817125,0.5567199885845184,0.001645152995043596,0.004847905284087133,0.5908799767494202,0.364080011844635
0.0,0.0,0.0,0.0,0.0,0.0,0.0,0.0,0.0,0.0,0.0,0.0,0.0,0.0,0.0,0.0,0.0,0.0,0.0,0.0,0.0,0.0,0.0,0.0,0.0,0.0,0.0,0.0,0.0,0.0,0.0,0.0,0.0,0.0,0.0,0.0,0.0,0.0,0.0,0.0,0.0,0.0,0.0,0.0,0.0,0.0,0.0,0.0,0.0,0.0,0.0,0.0,0.0,0.0,0.0,0.0,0.0,0.0,0.0,0.0,0.0,0.0,0.0,0.0,0.0,0.0,0.0,0.0,0.0,0.0,0.0,0.0,0.0,0.0,0.0,0.0,0.0,0.0,0.0,0.0,0.0,0.0,0.0,0.0,0.0,0.0,0.0,0.0,0.0,0.0,0.0,0.0,0.0,0.0,0.0,0.0,21.333333333333332,9.694776973451827,-0.5303102077060701,23.0,93.98870056497175,1.2515903254458023,34.0,1.0,0.0,0.0,0.0,0.0,0.0,0.0,0.0,0.0,0.0,0.0,0.0,0.0,0.0,0.0,0.0,0.0,0.0,0.0,0.0,0.0,0.0,0.0,0.0,0.0,3.1728217728843693,1.135698012713143,2.237155084410648,2.7412155150222777,1.2898099760805826,0.1466179829852954,7.805893577168781,2.2816933299509685,0.45317466816666657,0.06043630062743539,-2.2862099731487437,0.47141332999999996,0.0036525464335297473,0.007802292861214736,0.5092800000000001,0.18562667,3.1506920190060934,1.0355021002383569,2.097708338512549,2.7552058274459847,1.072264599598048,0.13368274630619864,7.2364668699646,2.3049412579345705,0.4427973332504431,0.05209599424702212,-1.7237558176646162,0.4572000056505203,0.0027139926165857618,0.0067255639374278016,0.5030400156974792,0.24879999458789825
0.0,0.0,0.0,0.0,0.0,0.0,0.0,0.0,0.0,0.0,0.0,0.0,0.0,0.0,0.0,0.0,0.0,0.0,0.0,0.0,0.0,0.0,0.0,0.0,0.0,0.0,0.0,0.0,0.0,0.0,0.0,0.0,0.0,0.0,0.0,0.0,0.0,0.0,0.0,0.0,0.0,0.0,0.0,0.0,0.0,0.0,0.0,0.0,0.0,0.0,0.0,0.0,0.0,0.0,0.0,0.0,0.0,0.0,0.0,0.0,0.0,0.0,0.0,0.0,0.0,0.0,0.0,0.0,0.0,0.0,0.0,0.0,0.0,0.0,0.0,0.0,0.0,0.0,0.0,0.0,0.0,0.0,0.0,0.0,0.0,0.0,0.0,0.0,0.0,0.0,0.0,0.0,0.0,0.0,0.0,0.0,18.58,9.529952780575568,-0.05502015350897123,18.5,90.82,1.3477388471065157,35.0,1.0,0.0,0.0,0.0,0.0,0.0,0.0,0.0,0.0,0.0,0.0,0.0,0.0,0.0,0.0,0.0,0.0,0.0,0.0,0.0,0.0,0.0,0.0,0.0,0.0,3.4152299064509064,1.0815302848151411,2.1642921413685583,3.0696105611292523,1.1697077569723202,0.1529514796902809,7.832287348531087,2.451175524546305,0.5102746680000001,0.06455875208652906,-2.156739662490674,0.5315866499999999,0.004167832470969921,0.009129986277065174,0.5676,0.23941334,3.397249464057923,0.9573704072877973,1.8814980886284278,3.1058026015090947,0.9165580967504029,0.13539262142010566,7.063372866363525,2.467439404449463,0.49530399799346925,0.055434128519509664,-1.5393100453285407,0.5129199922084808,0.0030729426047175143,0.007839569637062374,0.5601599812507629,0.30928000807762146
0.0,0.0,0.0,0.0,0.0,0.0,0.0,0.0,0.0,0.0,0.0,0.0,0.0,0.0,0.0,0.0,0.0,0.0,0.0,0.0,0.0,0.0,0.0,0.0,0.0,0.0,0.0,0.0,0.0,0.0,0.0,0.0,0.0,0.0,0.0,0.0,0.0,0.0,0.0,0.0,0.0,0.0,0.0,0.0,0.0,0.0,0.0,0.0,0.0,0.0,0.0,0.0,0.0,0.0,0.0,0.0,0.0,0.0,0.0,0.0,0.0,0.0,0.0,0.0,0.0,0.0,0.0,0.0,0.0,0.0,0.0,0.0,0.0,0.0,0.0,0.0,0.0,0.0,0.0,0.0,0.0,0.0,0.0,0.0,0.0,0.0,0.0,0.0,0.0,0.0,0.0,0.0,0.0,0.0,0.0,0.0,20.86,10.52113519133205,-0.20102109126840234,21.5,110.6942857142857,1.4879132079142632,38.0,1.0,0.0,0.0,0.0,0.0,0.0,0.0,0.0,0.0,0.0,0.0,0.0,0.0,0.0,0.0,0.0,0.0,0.0,0.0,0.0,0.0,0.0,0.0,0.0,0.0,5.9815815461741115,1.1521576161867901,0.4810188761317864,5.797152147420247,1.3274671725372267,0.16293969268028136,8.553475279744465,4.378788494517009,0.43264213379999994,0.07554753018499014,-1.8564502221638208,0.45949334,0.005707429317051996,0.010684034179140383,0.5016,0.14786667,5.95965909526062,1.1234392743887747,0.44764194090704584,5.78557664024353,1.2621158032391764,0.1588783058343194,8.383594904785156,4.404361751403808,0.4265087985992432,0.06554131614882457,-1.6583957136674203,0.44687999784946447,0.004295664122520171,0.009268941819345044,0.4888800084590912,0.200080007314682
0.0,0.0,0.0,0.0,0.0,0.0,0.0,0.0,0.0,0.0,0.0,0.0,0.0,0.0,0.0,0.0,0.0,0.0,0.0,0.0,0.0,0.0,0.0,0.0,0.0,0.0,0.0,0.0,0.0,0.0,0.0,0.0,0.0,0.0,0.0,0.0,0.0,0.0,0.0,0.0,0.0,0.0,0.0,0.0,0.0,0.0,0.0,0.0,0.0,0.0,0.0,0.0,0.0,0.0,0.0,0.0,0.0,0.0,0.0,0.0,0.0,0.0,0.0,0.0,0.0,0.0,0.0,0.0,0.0,0.0,0.0,0.0,0.0,0.0,0.0,0.0,0.0,0.0,0.0,0.0,0.0,0.0,0.0,0.0,0.0,0.0,0.0,0.0,0.0,0.0,0.0,0.0,0.0,0.0,0.0,0.0,20.12,10.08259765686423,-0.2326928097177902,20.5,101.65877551020408,1.4258946350288584,36.0,1.0,0.0,0.0,0.0,0.0,0.0,0.0,0.0,0.0,0.0,0.0,0.0,0.0,0.0,0.0,0.0,0.0,0.0,0.0,0.0,0.0,0.0,0.0,0.0,0.0,4.69659666860555,1.015198188683456,1.9201202252080565,4.332966558507284,1.03062736230617,0.14357070469327438,8.319186238708497,3.8076373361714686,0.43145493519999994,0.07275356236492277,-1.7169217972962378,0.455226675,0.005293080836786707,0.010288907460743056,0.50032,0.16138667,4.669626793395996,0.9324141299881048,1.849889278128279,4.3407194126129145,0.8693961098014743,0.13186327083774876,7.936737487792969,3.83472895111084,0.42280320078134537,0.06303944404674766,-1.5084192606305948,0.44480000436306,0.003973971505723028,0.008915123673537041,0.4863199889659882,0.2083200067281723
0.0,0.0,0.0,0.0,0.0,0.0,0.0,0.0,0.0,0.0,0.0,0.0,0.0,0.0,0.0,0.0,0.0,0.0,0.0,0.0,0.0,0.0,0.0,0.0,0.0,0.0,0.0,0.0,0.0,0.0,0.0,0.0,0.0,0.0,0.0,0.0,0.0,0.0,0.0,0.0,0.0,0.0,0.0,0.0,0.0,0.0,0.0,0.0,0.0,0.0,0.0,0.0,0.0,0.0,0.0,0.0,0.0,0.0,0.0,0.0,0.0,0.0,0.0,0.0,0.0,0.0,0.0,0.0,0.0,0.0,0.0,0.0,0.0,0.0,0.0,0.0,0.0,0.0,0.0,0.0,0.0,0.0,0.0,0.0,0.0,0.0,0.0,0.0,0.0,0.0,0.0,0.0,0.0,0.0,0.0,0.0,12.44,7.019390054320523,0.13269504110135052,12.5,49.27183673469388,0.9926916614406899,25.0,1.0,0.0,0.0,0.0,0.0,0.0,0.0,0.0,0.0,0.0,0.0,0.0,0.0,0.0,0.0,0.0,0.0,0.0,0.0,0.0,0.0,0.0,0.0,0.0,0.0,1.9983506532396953,0.3880868703289623,4.046920870835805,1.876357473761241,0.15061141892172877,0.05488377153981471,4.169742725321451,1.7595495704905193,0.5290138714,0.050838270027483846,-3.1811937688976464,0.5448533200000001,0.0025845296993873626,0.007189617096045328,0.56781334,0.27189332,2.0137321876434324,0.2609341902493897,2.322198474224087,1.9190335864639283,0.0680866516411047,0.03690166707375283,3.11696803855896,1.7975989491271973,0.5133855992555618,0.04399577870890763,-1.334836208949395,0.5306000113487244,0.0019356285442031702,0.006221942693730263,0.5604000091552734,0.3720000088214874
0.0,0.0,0.0,0.0,0.0,0.0,0.0,0.0,0.0,0.0,0.0,0.0,0.0,0.0,0.0,0.0,0.0,0.0,0.0,0.0,0.0,0.0,0.0,0.0,0.0,0.0,0.0,0.0,0.0,0.0,0.0,0.0,0.0,0.0,0.0,0.0,0.0,0.0,0.0,0.0,0.0,0.0,0.0,0.0,0.0,0.0,0.0,0.0,0.0,0.0,0.0,0.0,0.0,0.0,0.0,0.0,0.0,0.0,0.0,0.0,0.0,0.0,0.0,0.0,0.0,0.0,0.0,0.0,0.0,0.0,0.0,0.0,0.0,0.0,0.0,0.0,0.0,0.0,0.0,0.0,0.0,0.0,0.0,0.0,0.0,0.0,0.0,0.0,0.0,0.0,0.0,0.0,0.0,0.0,0.0,0.0,32.51111111111111,15.359544442890668,-0.36209895593218516,34.5,235.9156054931336,1.619038142070551,55.0,1.0,0.0,0.0,0.0,0.0,0.0,0.0,0.0,0.0,0.0,0.0,0.0,0.0,0.0,0.0,0.0,0.0,0.0,0.0,0.0,0.0,0.0,0.0,0.0,0.0,3.912071994617604,1.2180561182937804,1.7152135677804454,3.4531809368260697,1.4836607073129118,0.12839438839039446,8.207714231567383,2.8280856712849936,0.41349362888888885,0.07089754650815161,-1.8077725537747156,0.43942665999999997,0.00502646210087552,0.007473257582782551,0.47866666,0.13074666,3.8967877961561417,1.1690952683098734,1.6823453263839858,3.4587188727951053,1.366783746384535,0.123233461652829,7.981674690246582,2.8444183155822755,0.40751111308733623,0.06591069831107568,-1.6206207596910127,0.4336400032043457,0.004344220151853634,0.006947597627840412,0.4694400131702423,0.1637600064277649
0.0,0.0,0.0,0.0,0.0,0.0,0.0,0.0,0.0,0.0,0.0,0.0,0.0,0.0,0.0,0.0,0.0,0.0,0.0,0.0,0.0,0.0,0.0,0.0,0.0,0.0,0.0,0.0,0.0,0.0,0.0,0.0,0.0,0.0,0.0,0.0,0.0,0.0,0.0,0.0,0.0,0.0,0.0,0.0,0.0,0.0,0.0,0.0,0.0,0.0,0.0,0.0,0.0,0.0,0.0,0.0,0.0,0.0,0.0,0.0,0.0,0.0,0.0,0.0,0.0,0.0,0.0,0.0,0.0,0.0,0.0,0.0,0.0,0.0,0.0,0.0,0.0,0.0,0.0,0.0,0.0,0.0,0.0,0.0,0.0,0.0,0.0,0.0,0.0,0.0,0.0,0.0,0.0,0.0,0.0,0.0,27.683333333333334,14.09951515774978,-0.38593988461472006,30.5,198.79632768361577,1.8202395798521311,46.0,1.0,0.0,0.0,0.0,0.0,0.0,0.0,0.0,0.0,0.0,0.0,0.0,0.0,0.0,0.0,0.0,0.0,0.0,0.0,0.0,0.0,0.0,0.0,0.0,0.0,9.613046581134373,5.553021258619701,1.5648238251453117,7.079485891901653,30.83604509868233,0.7168919618589951,27.23047815144857,5.044375115305583,0.3627751126666666,0.07607216055882289,-0.9072799942947815,0.38436000000000003,0.005786973612087329,0.009820873698477926,0.45749334,0.1408,9.443619449940996,5.287909968161623,1.5421550322375783,7.069600967941284,27.961991831383056,0.6826662414311385,25.965387506103514,5.0221744409179685,0.3579133339226246,0.07340740503218128,-0.7274046214052335,0.3830000013113022,0.005388647113558713,0.009476855239264687,0.4715200066566467,0.17576000094413755
0.0,0.0,0.0,0.0,0.0,0.0,0.0,0.0,0.0,0.0,0.0,0.0,0.0,0.0,0.0,0.0,0.0,0.0,0.0,0.0,0.0,0.0,0.0,0.0,0.0,0.0,0.0,0.0,0.0,0.0,0.0,0.0,0.0,0.0,0.0,0.0,0.0,0.0,0.0,0.0,0.0,0.0,0.0,0.0,0.0,0.0,0.0,0.0,0.0,0.0,0.0,0.0,0.0,0.0,0.0,0.0,0.0,0.0,0.0,0.0,0.0,0.0,0.0,0.0,0.0,0.0,0.0,0.0,0.0,0.0,0.0,0.0,0.0,0.0,0.0,0.0,0.0,0.0,0.0,0.0,0.0,0.0,0.0,0.0,0.0,0.0,0.0,0.0,0.0,0.0,0.0,0.0,0.0,0.0,0.0,0.0,21.3,11.146977260262817,-0.20683419659273028,21.5,124.25510204081633,1.5764206420928162,39.0,1.0,0.0,0.0,0.0,0.0,0.0,0.0,0.0,0.0,0.0,0.0,0.0,0.0,0.0,0.0,0.0,0.0,0.0,0.0,0.0,0.0,0.0,0.0,0.0,0.0,5.746108171099853,1.0929074117280153,0.9221915683549325,5.424191973953247,1.1944466106100295,0.15456044840838354,8.59009703938802,4.48563506942749,0.41108373480000004,0.07584692649242383,-1.63986308688205,0.435386665,0.005752756258347144,0.010726375210990098,0.48704,0.1344,5.721729591973878,1.04799013700022,0.8847168884760231,5.416965497665406,1.0982833272497399,0.1482081864978949,8.347942372436524,4.502489697723389,0.40192159920930864,0.06603404344932344,-1.4902511294363083,0.42511999607086176,0.0043604948942671355,0.009338623982436744,0.4713599979877472,0.17367999255657196
0.0,0.0,0.0,0.0,0.0,0.0,0.0,0.0,0.0,0.0,0.0,0.0,0.0,0.0,0.0,0.0,0.0,0.0,0.0,0.0,0.0,0.0,0.0,0.0,0.0,0.0,0.0,0.0,0.0,0.0,0.0,0.0,0.0,0.0,0.0,0.0,0.0,0.0,0.0,0.0,0.0,0.0,0.0,0.0,0.0,0.0,0.0,0.0,0.0,0.0,0.0,0.0,0.0,0.0,0.0,0.0,0.0,0.0,0.0,0.0,0.0,0.0,0.0,0.0,0.0,0.0,0.0,0.0,0.0,0.0,0.0,0.0,0.0,0.0,0.0,0.0,0.0,0.0,0.0,0.0,0.0,0.0,0.0,0.0,0.0,0.0,0.0,0.0,0.0,0.0,0.0,0.0,0.0,0.0,0.0,0.0,16.816666666666666,8.391867868817027,-0.01991910599238046,16.0,70.42344632768362,1.0833854833167158,30.0,1.0,0.0,0.0,0.0,0.0,0.0,0.0,0.0,0.0,0.0,0.0,0.0,0.0,0.0,0.0,0.0,0.0,0.0,0.0,0.0,0.0,0.0,0.0,0.0,0.0,2.3574942210797207,1.5222271709457158,6.3959971053079485,2.0093842709732055,2.317175559965398,0.19651868274057294,13.142972532399495,1.8347649393463132,0.5472888868333334,0.08971875377184917,-1.0436962492862805,0.56869334,0.008049454778373698,0.01158264130669519,0.6558933000000001,0.23682667,2.2784673790194194,0.7777903715142187,5.377431052399637,2.040914614830017,0.6049578620202264,0.10041230519050162,7.410716260986327,1.919424991493225,0.5356520016988119,0.07240676560512149,-0.818678550139065,0.5651600062847137,0.005242739705395005,0.00934767324471265,0.6286399960517883,0.3303200006484985
0.0,0.0,0.0,0.0,0.0,0.0,0.0,0.0,0.0,0.0,0.0,0.0,0.0,0.0,0.0,0.0,0.0,0.0,0.0,0.0,0.0,0.0,0.0,0.0,0.0,0.0,0.0,0.0,0.0,0.0,0.0,0.0,0.0,0.0,0.0,0.0,0.0,0.0,0.0,0.0,0.0,0.0,0.0,0.0,0.0,0.0,0.0,0.0,0.0,0.0,0.0,0.0,0.0,0.0,0.0,0.0,0.0,0.0,0.0,0.0,0.0,0.0,0.0,0.0,0.0,0.0,0.0,0.0,0.0,0.0,0.0,0.0,0.0,0.0,0.0,0.0,0.0,0.0,0.0,0.0,0.0,0.0,0.0,0.0,0.0,0.0,0.0,0.0,0.0,0.0,0.0,0.0,0.0,0.0,0.0,0.0,20.416666666666668,10.769214859987008,0.020712756187672064,20.5,115.97598870056497,1.3902996601486373,38.0,1.0,0.0,0.0,0.0,0.0,0.0,0.0,0.0,0.0,0.0,0.0,0.0,0.0,0.0,0.0,0.0,0.0,0.0,0.0,0.0,0.0,0.0,0.0,0.0,0.0,1.7617090733072491,0.3451370609390206,5.797126248695402,1.663277188351949,0.11911959083362521,0.0445570029725267,4.12225826868693,1.6165055975087483,0.5348262211666667,0.04482543855209931,-2.729746727573518,0.550533355,0.002009319941388031,0.005786939233290818,0.57504,0.31485334,1.7572241656958263,0.18829227010846067,3.5448608998902933,1.6930797766304015,0.03545397898259751,0.024308427544988558,2.7703659631347657,1.6304514904022216,0.529808002213637,0.03981784390893246,-1.883110322697913,0.5409999787807465,0.00158546069355611,0.005140461544706062,0.5782399773597717,0.3847199976444245
0.0,0.0,0.0,0.0,0.0,0.0,0.0,0.0,0.0,0.0,0.0,0.0,0.0,0.0,0.0,0.0,0.0,0.0,0.0,0.0,0.0,0.0,0.0,0.0,0.0,0.0,0.0,0.0,0.0,0.0,0.0,0.0,0.0,0.0,0.0,0.0,0.0,0.0,0.0,0.0,0.0,0.0,0.0,0.0,0.0,0.0,0.0,0.0,0.0,0.0,0.0,0.0,0.0,0.0,0.0,0.0,0.0,0.0,0.0,0.0,0.0,0.0,0.0,0.0,0.0,0.0,0.0,0.0,0.0,0.0,0.0,0.0,0.0,0.0,0.0,0.0,0.0,0.0,0.0,0.0,0.0,0.0,0.0,0.0,0.0,0.0,0.0,0.0,0.0,0.0,0.0,0.0,0.0,0.0,0.0,0.0,16.683333333333334,7.356518305687883,-0.09150604447066416,16.5,54.11836158192092,0.9497224294666391,30.0,1.0,0.0,0.0,0.0,0.0,0.0,0.0,0.0,0.0,0.0,0.0,0.0,0.0,0.0,0.0,0.0,0.0,0.0,0.0,0.0,0.0,0.0,0.0,0.0,0.0,2.299471968316396,1.4630329916462237,6.423028694510604,1.945166223519643,2.1404655346452994,0.1888767470532613,12.688257308603927,1.8164774392191572,0.5410471104999999,0.09883162761737128,-1.136657849599127,0.57506665,0.009767690617498746,0.012759108261355066,0.64888,0.21546666,2.219310164578756,0.7373689496874125,5.357455787493142,2.0020607751464845,0.5437129679631179,0.09519392207166011,7.0804161715698255,1.8976294944000245,0.5313813343644143,0.08272557335082753,-1.1630155723682771,0.564439982175827,0.0068435204862231465,0.010679825596440503,0.6191200017929077,0.26168000698089605
0.0,0.0,0.0,0.0,0.0,0.0,0.0,0.0,0.0,0.0,0.0,0.0,0.0,0.0,0.0,0.0,0.0,0.0,0.0,0.0,0.0,0.0,0.0,0.0,0.0,0.0,0.0,0.0,0.0,0.0,0.0,0.0,0.0,0.0,0.0,0.0,0.0,0.0,0.0,0.0,0.0,0.0,0.0,0.0,0.0,0.0,0.0,0.0,0.0,0.0,0.0,0.0,0.0,0.0,0.0,0.0,0.0,0.0,0.0,0.0,0.0,0.0,0.0,0.0,0.0,0.0,0.0,0.0,0.0,0.0,0.0,0.0,0.0,0.0,0.0,0.0,0.0,0.0,0.0,0.0,0.0,0.0,0.0,0.0,0.0,0.0,0.0,0.0,0.0,0.0,0.0,0.0,0.0,0.0,0.0,0.0,20.116666666666667,10.209818582140722,-0.27989931987244004,21.5,104.24039548022598,1.3180819112143345,35.0,1.0,0.0,0.0,0.0,0.0,0.0,0.0,0.0,0.0,0.0,0.0,0.0,0.0,0.0,0.0,0.0,0.0,0.0,0.0,0.0,0.0,0.0,0.0,0.0,0.0,1.7924651507576834,0.420026546416709,5.948424003970796,1.6774167096010844,0.17642229969474782,0.05422519397456435,4.691136700744629,1.6289967963409424,0.5511368908333334,0.038534141919704445,-3.6939682377043948,0.5625466849999999,0.0014848800934879232,0.0049747363305136134,0.5813866999999999,0.33226666,1.7830218556512196,0.22568985877203201,3.880345454031289,1.7106258003807069,0.050935912352539754,0.02913643548106613,3.07485638381958,1.6461030741119385,0.546822668115298,0.03140114862488086,-1.837694485867894,0.556439995765686,0.0009860321349618572,0.0040538708558649165,0.58024001121521,0.4240800142288208
0.0,0.0,0.0,0.0,0.0,0.0,0.0,0.0,0.0,0.0,0.0,0.0,0.0,0.0,0.0,0.0,0.0,0.0,0.0,0.0,0.0,0.0,0.0,0.0,0.0,0.0,0.0,0.0,0.0,0.0,0.0,0.0,0.0,0.0,0.0,0.0,0.0,0.0,0.0,0.0,0.0,0.0,0.0,0.0,0.0,0.0,0.0,0.0,0.0,0.0,0.0,0.0,0.0,0.0,0.0,0.0,0.0,0.0,0.0,0.0,0.0,0.0,0.0,0.0,0.0,0.0,0.0,0.0,0.0,0.0,0.0,0.0,0.0,0.0,0.0,0.0,0.0,0.0,0.0,0.0,0.0,0.0,0.0,0.0,0.0,0.0,0.0,0.0,0.0,0.0,0.0,0.0,0.0,0.0,0.0,0.0,20.516666666666666,10.070079303319375,-0.22209338836230139,21.0,101.40649717514123,1.300041647891464,36.0,1.0,0.0,0.0,0.0,0.0,0.0,0.0,0.0,0.0,0.0,0.0,0.0,0.0,0.0,0.0,0.0,0.0,0.0,0.0,0.0,0.0,0.0,0.0,0.0,0.0,2.3868873440829383,1.7304678285061956,6.97616374258691,2.0699374875768024,2.994518905494948,0.22340243603174026,15.056874021504722,1.970049651870728,0.27478888900000004,0.05308805787004589,-0.09799128508377944,0.279413335,0.0028183418884133414,0.006853638800439444,0.35642666,0.15909334,2.242469702831268,0.784820057833878,6.557251314198662,2.0837608258056637,0.6159425231783716,0.10131983379200504,7.847267321014403,2.000074733505249,0.2752760003010432,0.05085920941667231,-0.062133893776830956,0.27884000539779663,0.0025866591824889296,0.0065658957024015766,0.3575200140476227,0.18503999710083008
0.0,0.0,0.0,0.0,0.0,0.0,0.0,0.0,0.0,0.0,0.0,0.0,0.0,0.0,0.0,0.0,0.0,0.0,0.0,0.0,0.0,0.0,0.0,0.0,0.0,0.0,0.0,0.0,0.0,0.0,0.0,0.0,0.0,0.0,0.0,0.0,0.0,0.0,0.0,0.0,0.0,0.0,0.0,0.0,0.0,0.0,0.0,0.0,0.0,0.0,0.0,0.0,0.0,0.0,0.0,0.0,0.0,0.0,0.0,0.0,0.0,0.0,0.0,0.0,0.0,0.0,0.0,0.0,0.0,0.0,0.0,0.0,0.0,0.0,0.0,0.0,0.0,0.0,0.0,0.0,0.0,0.0,0.0,0.0,0.0,0.0,0.0,0.0,0.0,0.0,0.0,0.0,0.0,0.0,0.0,0.0,18.55,10.026109981240591,0.036831406305113085,17.5,100.52288135593221,1.2943652328196256,36.0,1.0,0.0,0.0,0.0,0.0,0.0,0.0,0.0,0.0,0.0,0.0,0.0,0.0,0.0,0.0,0.0,0.0,0.0,0.0,0.0,0.0,0.0,0.0,0.0,0.0,2.3966314577482013,1.940520190351131,7.444021588349048,2.0984767173131305,3.7656186091603905,0.2505200793403059,16.969929421946212,1.9948440754063923,0.26196844550000004,0.04831518236396827,0.08880944622741413,0.25254667000000003,0.0023343568468635104,0.006237463222154113,0.34192,0.16386667,2.221722927225749,0.6473044196610865,7.186764841499946,2.1115822709274292,0.419003011712776,0.08356664124246149,7.023410074157715,2.0167791945648195,0.2616773339609305,0.04730357458772959,0.08887353283594039,0.25839999318122864,0.0022376281687768963,0.006106865219811903,0.3436799943447113,0.17927999794483185
0.0,0.0,0.0,0.0,0.0,0.0,0.0,0.0,0.0,0.0,0.0,0.0,0.0,0.0,0.0,0.0,0.0,0.0,0.0,0.0,0.0,0.0,0.0,0.0,0.0,0.0,0.0,0.0,0.0,0.0,0.0,0.0,0.0,0.0,0.0,0.0,0.0,0.0,0.0,0.0,0.0,0.0,0.0,0.0,0.0,0.0,0.0,0.0,0.0,0.0,0.0,0.0,0.0,0.0,0.0,0.0,0.0,0.0,0.0,0.0,0.0,0.0,0.0,0.0,0.0,0.0,0.0,0.0,0.0,0.0,0.0,0.0,0.0,0.0,0.0,0.0,0.0,0.0,0.0,0.0,0.0,0.0,0.0,0.0,0.0,0.0,0.0,0.0,0.0,0.0,0.0,0.0,0.0,0.0,0.0,0.0,17.816666666666666,7.885820070993909,-0.39804369441938636,19.0,62.18615819209039,1.0180549935382532,31.0,1.0,0.0,0.0,0.0,0.0,0.0,0.0,0.0,0.0,0.0,0.0,0.0,0.0,0.0,0.0,0.0,0.0,0.0,0.0,0.0,0.0,0.0,0.0,0.0,0.0,2.3500176772547827,1.7477976818902463,6.914411833027545,1.9980954672114053,3.054796736820919,0.22563971048336173,15.123830898742677,1.8422005822753904,0.4940551143333333,0.10313043282215605,-0.7517463912644596,0.5180266499999999,0.010635886174085242,0.013314081626912437,0.6228267,0.20925333,2.2163706581738793,0.7398570847977012,5.8431479117546905,2.044085761451721,0.5473885059253528,0.09551513893316883,7.281012876281737,1.8786912352752685,0.4898653303583463,0.0899775345447504,-0.6604227575712105,0.5137999951839447,0.00809595672275175,0.011616049760820694,0.6144000291824341,0.2876800000667572
0.0,0.0,0.0,0.0,0.0,0.0,0.0,0.0,0.0,0.0,0.0,0.0,0.0,0.0,0.0,0.0,0.0,0.0,0.0,0.0,0.0,0.0,0.0,0.0,0.0,0.0,0.0,0.0,0.0,0.0,0.0,0.0,0.0,0.0,0.0,0.0,0.0,0.0,0.0,0.0,0.0,0.0,0.0,0.0,0.0,0.0,0.0,0.0,0.0,0.0,0.0,0.0,0.0,0.0,0.0,0.0,0.0,0.0,0.0,0.0,0.0,0.0,0.0,0.0,0.0,0.0,0.0,0.0,0.0,0.0,0.0,0.0,0.0,0.0,0.0,0.0,0.0,0.0,0.0,0.0,0.0,0.0,0.0,0.0,0.0,0.0,0.0,0.0,0.0,0.0,0.0,0.0,0.0,0.0,0.0,0.0,16.966666666666665,8.750722326924665,-0.007070205281299044,16.5,76.57514124293783,1.1297133946488214,32.0,1.0,0.0,0.0,0.0,0.0,0.0,0.0,0.0,0.0,0.0,0.0,0.0,0.0,0.0,0.0,0.0,0.0,0.0,0.0,0.0,0.0,0.0,0.0,0.0,0.0,2.0167214361383654,0.8424990239217425,6.457585962423937,1.8049053322219852,0.7098046053090887,0.10876615629483043,8.016855212910968,1.7399532133483886,0.5381902216666666,0.05863479894107635,-2.0225161420928206,0.5626933000000001,0.0034380396468604484,0.007569719993566966,0.5941066999999999,0.28584,1.9727567786293032,0.40358174258621726,4.815676097726616,1.842818827762604,0.16287822294892773,0.05210217892899294,4.513419634552002,1.7667255659103394,0.5294946695367495,0.05004057258569113,-1.265886244046288,0.549560010433197,0.0025040589047038227,0.006460210141968839,0.5894399881362915,0.3883199989795685
0.0,0.0,0.0,0.0,0.0,0.0,0.0,0.0,0.0,0.0,0.0,0.0,0.0,0.0,0.0,0.0,0.0,0.0,0.0,0.0,0.0,0.0,0.0,0.0,0.0,0.0,0.0,0.0,0.0,0.0,0.0,0.0,0.0,0.0,0.0,0.0,0.0,0.0,0.0,0.0,0.0,0.0,0.0,0.0,0.0,0.0,0.0,0.0,0.0,0.0,0.0,0.0,0.0,0.0,0.0,0.0,0.0,0.0,0.0,0.0,0.0,0.0,0.0,0.0,0.0,0.0,0.0,0.0,0.0,0.0,0.0,0.0,0.0,0.0,0.0,0.0,0.0,0.0,0.0,0.0,0.0,0.0,0.0,0.0,0.0,0.0,0.0,0.0,0.0,0.0,0.0,0.0,0.0,0.0,0.0,0.0,19.333333333333332,9.289444833289796,0.10425490593361135,17.5,86.29378531073448,1.1992621711614637,37.0,1.0,0.0,0.0,0.0,0.0,0.0,0.0,0.0,0.0,0.0,0.0,0.0,0.0,0.0,0.0,0.0,0.0,0.0,0.0,0.0,0.0,0.0,0.0,0.0,0.0,2.5905691445261647,1.8873995976713531,4.570811614551456,2.0066807761828107,3.5622772412899852,0.24366224031399097,13.913408254597984,1.985164032770793,0.22213911116666665,0.014041418886257524,-2.2619422844729637,0.22452,0.0001971614443393495,0.0018127393834532562,0.24210666,0.15528,2.467008428892771,1.3980795024350412,4.012561540501654,2.0098280784225464,1.9546262951290125,0.18049128765349554,10.12664354095459,1.978979632797241,0.22511333351333937,0.013343424802364378,-0.7317454612774266,0.22699999809265137,0.00017804698545635284,0.0017226287346976076,0.2484800070524216,0.18384000658988955
0.0,0.0,0.0,0.0,0.0,0.0,0.0,0.0,0.0,0.0,0.0,0.0,0.0,0.0,0.0,0.0,0.0,0.0,0.0,0.0,0.0,0.0,0.0,0.0,0.0,0.0,0.0,0.0,0.0,0.0,0.0,0.0,0.0,0.0,0.0,0.0,0.0,0.0,0.0,0.0,0.0,0.0,0.0,0.0,0.0,0.0,0.0,0.0,0.0,0.0,0.0,0.0,0.0,0.0,0.0,0.0,0.0,0.0,0.0,0.0,0.0,0.0,0.0,0.0,0.0,0.0,0.0,0.0,0.0,0.0,0.0,0.0,0.0,0.0,0.0,0.0,0.0,0.0,0.0,0.0,0.0,0.0,0.0,0.0,0.0,0.0,0.0,0.0,0.0,0.0,0.0,0.0,0.0,0.0,0.0,0.0,18.633333333333333,9.027203081809226,-0.13782036491500763,18.5,81.49039548022598,1.1654069066226467,33.0,1.0,0.0,0.0,0.0,0.0,0.0,0.0,0.0,0.0,0.0,0.0,0.0,0.0,0.0,0.0,0.0,0.0,0.0,0.0,0.0,0.0,0.0,0.0,0.0,0.0,1.7555106533607903,0.33305951399578904,6.016288722221926,1.6693621006584167,0.11092863986311118,0.0429977983667209,4.067089756291708,1.6217928409703573,0.5305075543333333,0.04772194585927621,-2.7767056151036678,0.5454933499999999,0.0022773841165956896,0.006160876718719625,0.5713600000000001,0.29536,1.7468167971604665,0.16668115844508763,3.639081904169473,1.6942027667427064,0.027782608580596405,0.021518445026146138,2.6701749806213377,1.6256110389709473,0.5275746633609136,0.04193020300628211,-1.7533105942135288,0.5392400026321411,0.0017581419241480295,0.00541316593154756,0.5778399705886841,0.37463998794555664
0.0,0.0,0.0,0.0,0.0,0.0,0.0,0.0,0.0,0.0,0.0,0.0,0.0,0.0,0.0,0.0,0.0,0.0,0.0,0.0,0.0,0.0,0.0,0.0,0.0,0.0,0.0,0.0,0.0,0.0,0.0,0.0,0.0,0.0,0.0,0.0,0.0,0.0,0.0,0.0,0.0,0.0,0.0,0.0,0.0,0.0,0.0,0.0,0.0,0.0,0.0,0.0,0.0,0.0,0.0,0.0,0.0,0.0,0.0,0.0,0.0,0.0,0.0,0.0,0.0,0.0,0.0,0.0,0.0,0.0,0.0,0.0,0.0,0.0,0.0,0.0,0.0,0.0,0.0,0.0,0.0,0.0,0.0,0.0,0.0,0.0,0.0,0.0,0.0,0.0,0.0,0.0,0.0,0.0,0.0,0.0,22.5,11.925616922534903,-0.018235902510989648,22.5,142.22033898305085,1.5395905244742343,43.0,1.0,0.0,0.0,0.0,0.0,0.0,0.0,0.0,0.0,0.0,0.0,0.0,0.0,0.0,0.0,0.0,0.0,0.0,0.0,0.0,0.0,0.0,0.0,0.0,0.0,2.5144453357177317,2.2378683585510046,7.087210827473463,2.102258573595683,5.008054790203768,0.28890756278908564,19.012476696777345,1.9785046988169352,0.2641702225,0.051362448197349246,0.22302610567098408,0.251266665,0.002638101084825385,0.0066308635496258265,0.35096,0.17887999999999998,2.3110521483790083,0.942181199910218,6.387642249422092,2.102984287452698,0.8877054134642582,0.12163506987873317,8.98094047241211,1.9837478678894045,0.2677346666653951,0.052180666658288015,0.15251881777421958,0.2598000019788742,0.0027228219729033705,0.006736495098718337,0.3522399961948395,0.19303999841213226
0.0,0.0,0.0,0.0,0.0,0.0,0.0,0.0,0.0,0.0,0.0,0.0,0.0,0.0,0.0,0.0,0.0,0.0,0.0,0.0,0.0,0.0,0.0,0.0,0.0,0.0,0.0,0.0,0.0,0.0,0.0,0.0,0.0,0.0,0.0,0.0,0.0,0.0,0.0,0.0,0.0,0.0,0.0,0.0,0.0,0.0,0.0,0.0,0.0,0.0,0.0,0.0,0.0,0.0,0.0,0.0,0.0,0.0,0.0,0.0,0.0,0.0,0.0,0.0,0.0,0.0,0.0,0.0,0.0,0.0,0.0,0.0,0.0,0.0,0.0,0.0,0.0,0.0,0.0,0.0,0.0,0.0,0.0,0.0,0.0,0.0,0.0,0.0,0.0,0.0,0.0,0.0,0.0,0.0,0.0,0.0,21.233333333333334,10.586794887438812,-0.18718656723196292,23.5,112.08022598870058,1.3667493429588113,39.0,1.0,0.0,0.0,0.0,0.0,0.0,0.0,0.0,0.0,0.0,0.0,0.0,0.0,0.0,0.0,0.0,0.0,0.0,0.0,0.0,0.0,0.0,0.0,0.0,0.0,2.5021158454984027,1.8557549739533366,6.341883049135548,2.045018564783732,3.443826523352549,0.2395769369587617,15.605519676513671,1.9091138415908813,0.5313924444999999,0.0990792286847021,-0.9993030073039998,0.563466665,0.009816693556755495,0.012791073421697581,0.64298666,0.23677333,2.3964731168123876,0.9600247736647548,5.245465516298965,2.1210164785003665,0.9216475660500637,0.12393866534500467,8.655716394348145,1.9857183534240723,0.5182186643282573,0.08605805543978641,-0.9647693247082519,0.5416399836540222,0.007405988906077351,0.011110047184176245,0.6175199747085571,0.3014400005340576
0.0,0.0,0.0,0.0,0.0,0.0,0.0,0.0,0.0,0.0,0.0,0.0,0.0,0.0,0.0,0.0,0.0,0.0,0.0,0.0,0.0,0.0,0.0,0.0,0.0,0.0,0.0,0.0,0.0,0.0,0.0,0.0,0.0,0.0,0.0,0.0,0.0,0.0,0.0,0.0,0.0,0.0,0.0,0.0,0.0,0.0,0.0,0.0,0.0,0.0,0.0,0.0,0.0,0.0,0.0,0.0,0.0,0.0,0.0,0.0,0.0,0.0,0.0,0.0,0.0,0.0,0.0,0.0,0.0,0.0,0.0,0.0,0.0,0.0,0.0,0.0,0.0,0.0,0.0,0.0,0.0,0.0,0.0,0.0,0.0,0.0,0.0,0.0,0.0,0.0,0.0,0.0,0.0,0.0,0.0,0.0,16.9,8.251758929084685,-0.02117982154893792,16.0,68.09152542372883,1.0652974969754445,33.0,1.0,0.0,0.0,0.0,0.0,0.0,0.0,0.0,0.0,0.0,0.0,0.0,0.0,0.0,0.0,0.0,0.0,0.0,0.0,0.0,0.0,0.0,0.0,0.0,0.0,1.7614897814981672,0.32927349161735475,5.837509284254033,1.6775451368459064,0.10842103228188418,0.04250902497938608,4.020895452550253,1.6205022679265342,0.5300062234999999,0.044354821053346455,-2.51797109040294,0.54132,0.001967350150674386,0.005726182775454031,0.56978667,0.3188,1.7594785276927951,0.16928670887553077,3.6510849576097937,1.7073502711868287,0.028657989801908704,0.021854820140306465,2.6964797576904296,1.6370911452484131,0.5241946652531624,0.03766963671209861,-1.4574769333755493,0.534280002117157,0.001419001530021487,0.00486312918812138,0.5728800296783447,0.3931199908256531
0.0,0.0,0.0,0.0,0.0,0.0,0.0,0.0,0.0,0.0,0.0,0.0,0.0,0.0,0.0,0.0,0.0,0.0,0.0,0.0,0.0,0.0,0.0,0.0,0.0,0.0,0.0,0.0,0.0,0.0,0.0,0.0,0.0,0.0,0.0,0.0,0.0,0.0,0.0,0.0,0.0,0.0,0.0,0.0,0.0,0.0,0.0,0.0,0.0,0.0,0.0,0.0,0.0,0.0,0.0,0.0,0.0,0.0,0.0,0.0,0.0,0.0,0.0,0.0,0.0,0.0,0.0,0.0,0.0,0.0,0.0,0.0,0.0,0.0,0.0,0.0,0.0,0.0,0.0,0.0,0.0,0.0,0.0,0.0,0.0,0.0,0.0,0.0,0.0,0.0,0.0,0.0,0.0,0.0,0.0,0.0,15.733333333333333,7.747862836361614,-0.10365143933708997,15.0,60.02937853107344,1.0002447911309298,29.0,1.0,0.0,0.0,0.0,0.0,0.0,0.0,0.0,0.0,0.0,0.0,0.0,0.0,0.0,0.0,0.0,0.0,0.0,0.0,0.0,0.0,0.0,0.0,0.0,0.0,1.7676898151308693,0.34915862254889857,5.81935173958398,1.669717642129262,0.12191174370024423,0.045076184343886855,4.1591525216674805,1.6227670589192709,0.5336684429999999,0.045840996739680014,-2.778681952397906,0.546906675,0.0021013969820873534,0.005918047231544306,0.5743199999999999,0.3064,1.7578171003932952,0.1833736180996518,3.722358135894356,1.7010002484703064,0.033625883814956944,0.02367343230112501,2.7861808132171637,1.6294667893981931,0.5319759989778201,0.037411050662121456,-1.8004778592487132,0.5398800075054169,0.0013995867116438183,0.004829745872617279,0.5785599946975708,0.3812800049781799
0.0,0.0,0.0,0.0,0.0,0.0,0.0,0.0,0.0,0.0,0.0,0.0,0.0,0.0,0.0,0.0,0.0,0.0,0.0,0.0,0.0,0.0,0.0,0.0,0.0,0.0,0.0,0.0,0.0,0.0,0.0,0.0,0.0,0.0,0.0,0.0,0.0,0.0,0.0,0.0,0.0,0.0,0.0,0.0,0.0,0.0,0.0,0.0,0.0,0.0,0.0,0.0,0.0,0.0,0.0,0.0,0.0,0.0,0.0,0.0,0.0,0.0,0.0,0.0,0.0,0.0,0.0,0.0,0.0,0.0,0.0,0.0,0.0,0.0,0.0,0.0,0.0,0.0,0.0,0.0,0.0,0.0,0.0,0.0,0.0,0.0,0.0,0.0,0.0,0.0,0.0,0.0,0.0,0.0,0.0,0.0,17.133333333333333,9.091748292031061,0.12181190964985904,16.5,82.65988700564972,1.1737396574315342,31.0,1.0,0.0,0.0,0.0,0.0,0.0,0.0,0.0,0.0,0.0,0.0,0.0,0.0,0.0,0.0,0.0,0.0,0.0,0.0,0.0,0.0,0.0,0.0,0.0,0.0,1.783319215394338,0.4102722411493865,5.949953951324254,1.6734231847318013,0.16832331185774033,0.05296591857942557,4.61550819249471,1.6193046882883708,0.5496968913333334,0.03990776033375717,-3.3858343417527084,0.561733335,0.0015926293348566022,0.005152069705235948,0.5824,0.33048,1.7773959111887614,0.22707935422089393,4.011903385309893,1.7000004272270202,0.05156503311337822,0.029315818572168566,3.081304090118408,1.6379217185592652,0.5436880027254423,0.03420630481127589,-2.368165089357834,0.5534000098705292,0.0011700712888419158,0.004416014962312205,0.5843999981880188,0.395440012216568
0.0,0.0,0.0,0.0,0.0,0.0,0.0,0.0,0.0,0.0,0.0,0.0,0.0,0.0,0.0,0.0,0.0,0.0,0.0,0.0,0.0,0.0,0.0,0.0,0.0,0.0,0.0,0.0,0.0,0.0,0.0,0.0,0.0,0.0,0.0,0.0,0.0,0.0,0.0,0.0,0.0,0.0,0.0,0.0,0.0,0.0,0.0,0.0,0.0,0.0,0.0,0.0,0.0,0.0,0.0,0.0,0.0,0.0,0.0,0.0,0.0,0.0,0.0,0.0,0.0,0.0,0.0,0.0,0.0,0.0,0.0,0.0,0.0,0.0,0.0,0.0,0.0,0.0,0.0,0.0,0.0,0.0,0.0,0.0,0.0,0.0,0.0,0.0,0.0,0.0,0.0,0.0,0.0,0.0,0.0,0.0,16.016666666666666,7.816739245323366,0.05905859089181327,16.5,61.10141242937851,1.0091366972927776,30.0,1.0,0.0,0.0,0.0,0.0,0.0,0.0,0.0,0.0,0.0,0.0,0.0,0.0,0.0,0.0,0.0,0.0,0.0,0.0,0.0,0.0,0.0,0.0,0.0,0.0,2.470481476969825,1.8318019149669242,6.728148350148184,2.0757382885551454,3.3554982556764905,0.23648461034059173,15.704353276977539,1.9534865830866497,0.4903666625000001,0.10111913183502877,-0.7762005438524603,0.5142533300000001,0.010225078823069928,0.013054423786000621,0.60818666,0.18122667,2.338688902562459,0.8699478764000812,5.882584371712865,2.105896819953918,0.7568093076530109,0.11230978791220075,8.294586224975586,1.997093819618225,0.4870440011223157,0.08925552377024164,-0.5804550283469968,0.5092800259590149,0.007966548523500169,0.01152283857063887,0.5975199937820435,0.2913599908351898
0.0,0.0,0.0,0.0,0.0,0.0,0.0,0.0,0.0,0.0,0.0,0.0,0.0,0.0,0.0,0.0,0.0,0.0,0.0,0.0,0.0,0.0,0.0,0.0,0.0,0.0,0.0,0.0,0.0,0.0,0.0,0.0,0.0,0.0,0.0,0.0,0.0,0.0,0.0,0.0,0.0,0.0,0.0,0.0,0.0,0.0,0.0,0.0,0.0,0.0,0.0,0.0,0.0,0.0,0.0,0.0,0.0,0.0,0.0,0.0,0.0,0.0,0.0,0.0,0.0,0.0,0.0,0.0,0.0,0.0,0.0,0.0,0.0,0.0,0.0,0.0,0.0,0.0,0.0,0.0,0.0,0.0,0.0,0.0,0.0,0.0,0.0,0.0,0.0,0.0,0.0,0.0,0.0,0.0,0.0,0.0,17.4,9.583177350732544,0.06654256502996582,17.5,91.83728813559321,1.237182876104642,35.0,1.0,0.0,0.0,0.0,0.0,0.0,0.0,0.0,0.0,0.0,0.0,0.0,0.0,0.0,0.0,0.0,0.0,0.0,0.0,0.0,0.0,0.0,0.0,0.0,0.0,2.2446044816924196,1.3719286863988738,6.563501616377861,1.9238958934338886,1.8821883205641396,0.1771152318202352,12.069128382314046,1.8237756600952149,0.5426982201666667,0.06842586282674774,-1.5765806909160143,0.5652399850000001,0.0046820987035848995,0.008833740905928906,0.61336,0.27565333,2.1545728324839275,0.6645094029671027,5.38289262335138,1.96431444108963,0.4415727466316953,0.0857877950363274,6.5395142007446285,1.846690485877991,0.5359413310885429,0.05753017754202219,-1.2676079736901553,0.5540000200271606,0.0033097213280165946,0.007427113984153596,0.608240008354187,0.34040001034736633
0.0,0.0,0.0,0.0,0.0,0.0,0.0,0.0,0.0,0.0,0.0,0.0,0.0,0.0,0.0,0.0,0.0,0.0,0.0,0.0,0.0,0.0,0.0,0.0,0.0,0.0,0.0,0.0,0.0,0.0,0.0,0.0,0.0,0.0,0.0,0.0,0.0,0.0,0.0,0.0,0.0,0.0,0.0,0.0,0.0,0.0,0.0,0.0,0.0,0.0,0.0,0.0,0.0,0.0,0.0,0.0,0.0,0.0,0.0,0.0,0.0,0.0,0.0,0.0,0.0,0.0,0.0,0.0,0.0,0.0,0.0,0.0,0.0,0.0,0.0,0.0,0.0,0.0,0.0,0.0,0.0,0.0,0.0,0.0,0.0,0.0,0.0,0.0,0.0,0.0,0.0,0.0,0.0,0.0,0.0,0.0,20.016666666666666,9.009395597904891,-0.22610838365830752,20.0,81.16920903954802,1.1631079703360019,37.0,1.0,0.0,0.0,0.0,0.0,0.0,0.0,0.0,0.0,0.0,0.0,0.0,0.0,0.0,0.0,0.0,0.0,0.0,0.0,0.0,0.0,0.0,0.0,0.0,0.0,2.730012530943341,2.4836596978596877,5.410484175365873,2.0609982355753584,6.1685654947724755,0.3206390882485705,19.01783528533936,1.9800350673039755,0.2580208901666666,0.04428445736841893,-0.05711830765687305,0.25024,0.0019611131644153134,0.0057170988627906275,0.32864,0.15778667,2.5518389126243592,1.6211273953688052,4.563113412649264,2.0662367788696288,2.6280540320152466,0.2092866468114663,12.243918405761717,1.9833040129852293,0.2608919993042946,0.044854568586225524,-0.010260622998655702,0.2576799988746643,0.0020119323230564094,0.00579069990452566,0.3336800038814545,0.17927999794483185
0.0,0.0,0.0,0.0,0.0,0.0,0.0,0.0,0.0,0.0,0.0,0.0,0.0,0.0,0.0,0.0,0.0,0.0,0.0,0.0,0.0,0.0,0.0,0.0,0.0,0.0,0.0,0.0,0.0,0.0,0.0,0.0,0.0,0.0,0.0,0.0,0.0,0.0,0.0,0.0,0.0,0.0,0.0,0.0,0.0,0.0,0.0,0.0,0.0,0.0,0.0,0.0,0.0,0.0,0.0,0.0,0.0,0.0,0.0,0.0,0.0,0.0,0.0,0.0,0.0,0.0,0.0,0.0,0.0,0.0,0.0,0.0,0.0,0.0,0.0,0.0,0.0,0.0,0.0,0.0,0.0,0.0,0.0,0.0,0.0,0.0,0.0,0.0,0.0,0.0,0.0,0.0,0.0,0.0,0.0,0.0,17.85,8.035567122677206,-0.42614009888142307,19.0,64.57033898305083,1.0373872547820222,30.0,1.0,0.0,0.0,0.0,0.0,0.0,0.0,0.0,0.0,0.0,0.0,0.0,0.0,0.0,0.0,0.0,0.0,0.0,0.0,0.0,0.0,0.0,0.0,0.0,0.0,1.7545155783960555,0.31495943458082004,5.870129777684818,1.665628135655721,0.09919944543146984,0.04066108816208068,3.9205686137390137,1.620704663772583,0.5256297811666667,0.051367501984807676,-2.678327637338717,0.5420800299999999,0.0026386202601592205,0.0066315159907812185,0.57034665,0.27514666,1.7509329781710303,0.16755515531372875,3.9597496604880513,1.7063246545410156,0.028074730072207763,0.021631277536708952,2.730704899902344,1.6240396027755737,0.5219759995738665,0.043147861426975256,-2.18088149586904,0.5301199853420258,0.001861737945721459,0.005570364957704685,0.5723199844360352,0.3214400112628937
0.0,0.0,0.0,0.0,0.0,0.0,0.0,0.0,0.0,0.0,0.0,0.0,0.0,0.0,0.0,0.0,0.0,0.0,0.0,0.0,0.0,0.0,0.0,0.0,0.0,0.0,0.0,0.0,0.0,0.0,0.0,0.0,0.0,0.0,0.0,0.0,0.0,0.0,0.0,0.0,0.0,0.0,0.0,0.0,0.0,0.0,0.0,0.0,0.0,0.0,0.0,0.0,0.0,0.0,0.0,0.0,0.0,0.0,0.0,0.0,0.0,0.0,0.0,0.0,0.0,0.0,0.0,0.0,0.0,0.0,0.0,0.0,0.0,0.0,0.0,0.0,0.0,0.0,0.0,0.0,0.0,0.0,0.0,0.0,0.0,0.0,0.0,0.0,0.0,0.0,0.0,0.0,0.0,0.0,0.0,0.0,18.9,8.989070576567329,-0.2253106097448765,19.5,80.80338983050848,1.1604840213642789,34.0,1.0,0.0,0.0,0.0,0.0,0.0,0.0,0.0,0.0,0.0,0.0,0.0,0.0,0.0,0.0,0.0,0.0,0.0,0.0,0.0,0.0,0.0,0.0,0.0,0.0,2.0640629943408966,0.8797763148946534,6.202778061265679,1.8479356562296552,0.7740063642496163,0.11357863386582415,8.228040457560219,1.7538887031173709,0.5436355511666666,0.040102706473358625,-2.640367173006004,0.5514399999999999,0.00160822706648836,0.005177237143638744,0.5846399999999999,0.34122667,2.006176606272379,0.4544051023267105,4.725095113744859,1.8832797144508362,0.20648399702054826,0.05866344645810089,4.838603720397949,1.7739667785263062,0.5408519998192787,0.030975394279791,-1.3287660367783989,0.5454400181770325,0.0009594750507885089,0.0039989062062613006,0.5831199884414673,0.4250400066375733
0.0,0.0,0.0,0.0,0.0,0.0,0.0,0.0,0.0,0.0,0.0,0.0,0.0,0.0,0.0,0.0,0.0,0.0,0.0,0.0,0.0,0.0,0.0,0.0,0.0,0.0,0.0,0.0,0.0,0.0,0.0,0.0,0.0,0.0,0.0,0.0,0.0,0.0,0.0,0.0,0.0,0.0,0.0,0.0,0.0,0.0,0.0,0.0,0.0,0.0,0.0,0.0,0.0,0.0,0.0,0.0,0.0,0.0,0.0,0.0,0.0,0.0,0.0,0.0,0.0,0.0,0.0,0.0,0.0,0.0,0.0,0.0,0.0,0.0,0.0,0.0,0.0,0.0,0.0,0.0,0.0,0.0,0.0,0.0,0.0,0.0,0.0,0.0,0.0,0.0,0.0,0.0,0.0,0.0,0.0,0.0,19.483333333333334,9.007514126242782,-0.2306273660951041,19.5,81.13531073446326,1.1628650733888781,35.0,1.0,0.0,0.0,0.0,0.0,0.0,0.0,0.0,0.0,0.0,0.0,0.0,0.0,0.0,0.0,0.0,0.0,0.0,0.0,0.0,0.0,0.0,0.0,0.0,0.0,2.096220406915241,0.8906796268437875,5.794664413539249,1.861394321130117,0.7933101976745885,0.11498624538574086,8.141929419708251,1.7759971925226847,0.5120924455,0.04829909559241303,-2.593222933689184,0.5264266799999999,0.0023328026350450514,0.006235386428876524,0.55626667,0.27368000000000003,2.0499534743207297,0.5372894898175307,4.720398199513308,1.887915744609833,0.28867999586838233,0.06936377487185252,5.369874744262695,1.791907622756958,0.5063226689894994,0.04387380149011255,-1.6329513535907583,0.5170800089836121,0.001924910457193802,0.005664083416867202,0.5558400154113771,0.3298400044441223
